"tweet_id","in_reply_to_status_id","in_reply_to_user_id","retweeted_status_id","retweeted_status_user_id","timestamp","source","text","expanded_urls"
"29289163931","","","","","2010-10-31 15:54:43 +0000","<a href=""http://mobileways.de/gravity"" rel=""nofollow"">Gravity</a>","?????????????RT @AstroProfundis: ???????????????_?RT @griddlezhong: ??????RT @zjntruth: ????????????RT @sunear1990: ??????????????????"
"29279819046","","","","","2010-10-31 14:08:30 +0000","<a href=""https://tuite.im"" rel=""nofollow"">???</a>","???????,?????,?????.RT @Jwong1202: ??????????????????????????????? RT @LEMONed: @jason5ng32 ????????????????"
"29279055957","","","","","2010-10-31 13:59:41 +0000","<a href=""http://www.tweetdeck.com"" rel=""nofollow"">TweetDeck</a>","?????~RT @yeahsky: ?_???? ??????????RT @nct0394: ??10?22??????????????????????????????????????????????????1500????????????????????TM????????"
"29278797278","","","","","2010-10-31 13:56:33 +0000","<a href=""http://www.tweetdeck.com"" rel=""nofollow"">TweetDeck</a>","????? ?????.."
"29278261994","","","29278147260","143382744","2010-10-31 13:49:58 +0000","<a href=""https://tuite.im"" rel=""nofollow"">???</a>","RT @wecache: RT @zhyuanjie: ???????????????????????????????????????????????????????????????????????????????????????????????????????????? ..."
"29275024479","","","","","2010-10-31 13:08:28 +0000","<a href=""https://tuite.im"" rel=""nofollow"">???</a>","????,????,????.RT @dning1: ???????????~????????????~ RT @yanzifeiwula: ????????????????RT @niefan: ??????IT??????800. //??IT??????(?_?|||)"
"29274735447","","","","","2010-10-31 13:04:38 +0000","<a href=""http://www.tweetdeck.com"" rel=""nofollow"">TweetDeck</a>","???????..RT @AstroProfundis: ?????????????????RT @zodiac1111: ????+65535RT @AstroProfundis: ??????????????RT @Demo_d: ????????????????????.."
"29274530390","","","","","2010-10-31 13:01:56 +0000","<a href=""https://tuite.im"" rel=""nofollow"">???</a>","0123456789RT @witchhannah: ?????????mua? RT @lyronlee: ??????123456789..."
"29274459157","","","","","2010-10-31 13:00:57 +0000","<a href=""https://tuite.im"" rel=""nofollow"">???</a>","???????RT @mlhluo: RT @laoyang945: RT @newsshanghai: ?????????????????????????????????"
"29274368194","","","","","2010-10-31 12:59:47 +0000","<a href=""https://tuite.im"" rel=""nofollow"">???</a>","??+65535RT @virushuo: ????????????????????????????????????????????????????????@SecretaryZhang ??????????"
"29274322507","","","29274213649","143382744","2010-10-31 12:59:09 +0000","<a href=""https://tuite.im"" rel=""nofollow"">???</a>","RT @wecache: RT @wzyboy: ?????????18?,??17????.Location+GEO,?6?????,??""????""??Bio??""XX??"",??8????,??3?,????????,?????500?,?????/??...??? ..."
"29274120409","","","","","2010-10-31 12:56:18 +0000","<a href=""https://tuite.im"" rel=""nofollow"">???</a>","????+65535RT @AstroProfundis: ??????????????RT @Demo_d: ????????????????????????????????"
"29271548527","","","","","2010-10-31 12:18:28 +0000","<a href=""http://www.tweetdeck.com"" rel=""nofollow"">TweetDeck</a>","RT @NewsInChina: ?????????????????????????????????????????????????????????????????????UNFO?BLOCK????"
"29271143577","","","","","2010-10-31 12:12:12 +0000","<a href=""http://www.tweetdeck.com"" rel=""nofollow"">TweetDeck</a>","????,?????.RT @leftry: ???????????????????????????????????????????????? RT @DOPPELKALT: ????RT @amamoe: ??????????????????????????"
"29270916125","","","","","2010-10-31 12:08:42 +0000","<a href=""http://www.tweetdeck.com"" rel=""nofollow"">TweetDeck</a>","RT @NewsInChina: ???????????????????????DM"
"29270382141","","","","","2010-10-31 12:00:29 +0000","<a href=""http://www.tweetdeck.com"" rel=""nofollow"">TweetDeck</a>","?????????RT @chengr28: ?????????http://is.gd/ghttp://is.gd/gwtGl"
"29270032310","","","","","2010-10-31 11:54:54 +0000","<a href=""https://tuite.im"" rel=""nofollow"">???</a>","?""??""?RT @jason5ng32: ?IT??????360??????????????????????????????????360???????????????????1?????????????????????????????2???360???????????."
"29269747866","","","","","2010-10-31 11:50:08 +0000","<a href=""http://www.tweetdeck.com"" rel=""nofollow"">TweetDeck</a>","??:??.RT @dning1: ????????????????: http://bit.ly/8XLm1u"
"29269607732","","","29269569961","126581934","2010-10-31 11:47:46 +0000","<a href=""https://tuite.im"" rel=""nofollow"">???</a>","RT @chqqq: RT @Viola_L: ??????????????????????????????????"
"29269576717","","","","","2010-10-31 11:47:14 +0000","<a href=""https://tuite.im"" rel=""nofollow"">???</a>","???~~RT @NewsInChina: ?????????1100?FO??????FO??????? @iwantfo  ?2??????????FO????????????? @iwantfo ????????????????????????????????????..."
"29268753022","","","","","2010-10-31 11:33:17 +0000","<a href=""http://www.hootsuite.com"" rel=""nofollow"">HootSuite</a>","???,????.? ?????"
"29267889999","","","","","2010-10-31 11:17:46 +0000","<a href=""http://www.tweetdeck.com"" rel=""nofollow"">TweetDeck</a>","RT @Glass_Prince: ?????????????????beta???RT @SecretaryZhang ???????? http://t.ifeng.com/nzhang"
"29267562650","","","","","2010-10-31 11:11:44 +0000","<a href=""http://www.tweetdeck.com"" rel=""nofollow"">TweetDeck</a>","????,?????.???RT @winterjane: @zodiac1111 ????????????????????????????????????????????????????????????????????????????????????"
"29267334446","","","","","2010-10-31 11:07:31 +0000","<a href=""https://tuite.im"" rel=""nofollow"">???</a>","???????? RT @winterjane: ?HootSuite??????HS?????????????????????????4%????????????????????????http://translate.hootsuite.com/zh_CN/"
"29267235884","","","29041986752","23917431","2010-10-31 11:05:42 +0000","<a href=""https://tuite.im"" rel=""nofollow"">???</a>","RT @p3p3pp3: ??? RT @miao_miao_ ?? ??? RT @p3p3pp3: RT @xiasiyu ??????1988??,?????????,1988??????,????????,?????????????????????:??????? ..."
"29267170537","","","29266673357","117054654","2010-10-31 11:04:30 +0000","<a href=""https://tuite.im"" rel=""nofollow"">???</a>","RT @jessetoo: RT @davyho: RT @Sodawon: ???????360?????????????????????????????QQ????360??????????????????????????????????????????????.."
"29266488468","","","","","2010-10-31 10:51:49 +0000","<a href=""https://tuite.im"" rel=""nofollow"">???</a>","??????????????????.RT @tonyhill007: ???????????????? RT @miyizs @forzagang ???????????~"
"29266418975","","","","","2010-10-31 10:50:28 +0000","<a href=""https://tuite.im"" rel=""nofollow"">???</a>","?????,??????."
"29266280680","","","","","2010-10-31 10:47:50 +0000","<a href=""http://www.tweetdeck.com"" rel=""nofollow"">TweetDeck</a>","RT @Jwong1202: 911?Followers,?????????????????"
"29266267430","","","","","2010-10-31 10:47:34 +0000","<a href=""http://www.tweetdeck.com"" rel=""nofollow"">TweetDeck</a>","???RT @dning1: ????????????????~ RT @donglu: ???????????????"
"29265901315","","","","","2010-10-31 10:40:24 +0000","<a href=""http://www.tweetdeck.com"" rel=""nofollow"">TweetDeck</a>","http://is.gd/gwk2x 11???????-???.?.????."
"29265655289","","","","","2010-10-31 10:35:33 +0000","<a href=""http://www.tweetdeck.com"" rel=""nofollow"">TweetDeck</a>","RT @chqqq: ??????????????"
"29265489350","","","","","2010-10-31 10:32:19 +0000","<a href=""http://www.tweetdeck.com"" rel=""nofollow"">TweetDeck</a>","????.RT @leejeet: ?????????????????????????????????RT @zodiac1111: ????????,??????...RT @leejeet: http://www.qidian.com/Book/1752886.aspx ??"
"29264494644","","","","","2010-10-31 10:12:00 +0000","<a href=""https://tuite.im"" rel=""nofollow"">???</a>","????????,??????...RT @leejeet: http://www.qidian.com/Book/1752886.aspx ??"
"29264461603","","","","","2010-10-31 10:11:20 +0000","<a href=""http://www.tweetdeck.com"" rel=""nofollow"">TweetDeck</a>","http://is.gd/gwgv5  ?? @griddlezhong: ????????????????????????????????????????????RT @zodiac1111: ????RT @griddlezhong: ???????????????????."
"29264180905","","","","","2010-10-31 10:05:41 +0000","<a href=""https://tuite.im"" rel=""nofollow"">???</a>","????RT @griddlezhong: ????????????????????RT @wecache: ??????????????????RT @griddlezhong: ?????????????????????????????RT @chnp101: ??????."
"29263403652","","","","","2010-10-31 09:49:52 +0000","<a href=""https://tuite.im"" rel=""nofollow"">???</a>","??,??,??????.??????."
"29263366297","29263214238","122338551","","","2010-10-31 09:49:04 +0000","<a href=""http://www.tweetdeck.com"" rel=""nofollow"">TweetDeck</a>","@gfxmode ?????????,...?????.. ?????????,???"
"29263017759","29262949212","122338551","","","2010-10-31 09:41:49 +0000","<a href=""http://www.tweetdeck.com"" rel=""nofollow"">TweetDeck</a>","@gfxmode ??"
"29263006589","","","","","2010-10-31 09:41:35 +0000","<a href=""http://www.tweetdeck.com"" rel=""nofollow"">TweetDeck</a>","?????? RT @xaob: ?????twitter????? RT @zodiac1111: RT @iwantfo: ????????,???FO?1100????37,???????,????.??????,??????????????,???? @iwantfo ."
"29262784430","","","","","2010-10-31 09:36:57 +0000","<a href=""https://tuite.im"" rel=""nofollow"">???</a>","RT @iwantfo: ????????,???FO?1100????37,???????,????.??????,??????????????,???? @iwantfo ??,???????????."
"29262757744","","","","","2010-10-31 09:36:24 +0000","<a href=""http://www.tweetdeck.com"" rel=""nofollow"">TweetDeck</a>","???????RT @yuchijian: ?????????????????????????????????RT @zodiac1111 ????RT @baozuitun: ????????????????RT @yuchijian: http://is.gd/gw8RD"
"29262600218","","","","","2010-10-31 09:33:13 +0000","<a href=""https://tuite.im"" rel=""nofollow"">???</a>","RT @fly_me_to_the_m: ??????????????????Fol??RT @xuefangditu: ????????????????????????????????????????????????"
"29262566926","","","","","2010-10-31 09:32:32 +0000","<a href=""https://tuite.im"" rel=""nofollow"">???</a>","???,???...."
"29262475614","","","","","2010-10-31 09:30:37 +0000","<a href=""https://tuite.im"" rel=""nofollow"">???</a>","????RT @baozuitun: ????????????????RT @yuchijian: http://is.gd/gw8RD ?????????????????????"
"29262183599","","","","","2010-10-31 09:24:35 +0000","<a href=""https://tuite.im"" rel=""nofollow"">???</a>","guy??????...RT @flyfishcyx: hey bitch?RT @zodiac1111 hey guyRT @flyfishcyx: piaRT @zengqizane student long student sister RT @Orz_Ta: RT..."
"29261901839","","","","","2010-10-31 09:18:33 +0000","<a href=""https://tuite.im"" rel=""nofollow"">???</a>","hey guyRT @flyfishcyx: piaRT @zengqizane student long student sister RT @Orz_Ta: RT @flyfishcyx: ????????????????????"
"29261536617","","","","","2010-10-31 09:10:40 +0000","<a href=""https://tuite.im"" rel=""nofollow"">???</a>","??????.RT @flyfishcyx: ???RT @lucifierya ???????????????GAY?? ????????????????????"
"29261234278","","","","","2010-10-31 09:04:14 +0000","<a href=""http://www.tweetdeck.com"" rel=""nofollow"">TweetDeck</a>","RT @DarkMourn: http://img.ly/2lym #Google ?? ?????????Logo!"
"29259568122","29259491583","20889919","","","2010-10-31 08:28:38 +0000","<a href=""https://tuite.im"" rel=""nofollow"">???</a>","@tianxyx ???????????.????."
"29257712282","","","","","2010-10-31 07:51:00 +0000","<a href=""https://tuite.im"" rel=""nofollow"">???</a>","????????????...RT @miaoshiyu: ?????????????? RT @walkcn: ??????????????????????RT @ainesmile: ???????? ?????? ????"
"29257129643","","","","","2010-10-31 07:38:53 +0000","<a href=""https://tuite.im"" rel=""nofollow"">???</a>","RT @rtmeme: RT @raptorqtm RT @lhlshp: ????????????????&gt; ????????????????&gt; ???????"
"29257118260","","","","","2010-10-31 07:38:38 +0000","<a href=""https://tuite.im"" rel=""nofollow"">???</a>","RT @EnjoyCHH: ???????????????????????????????1????????2?????????????????????????3??????????????????????????????????"
"29257019498","","","","","2010-10-31 07:36:35 +0000","<a href=""https://tuite.im"" rel=""nofollow"">???</a>","???????~RT @NewsInChina: RT @myneodream: @sbbz2004 ???????????30???????????? @iwantfo ????48????????70???"
"29256824915","","20889919","","","2010-10-31 07:32:39 +0000","<a href=""https://tuite.im"" rel=""nofollow"">???</a>","@tianxyx bio???????????~.....????,????,????,????."
"29256253587","","","","","2010-10-31 07:20:56 +0000","<a href=""https://tuite.im"" rel=""nofollow"">???</a>","RT @virushuo: ??????????????????????????????????????????????????????????????????????????????????????"
"29255523805","","","29255457868","23304916","2010-10-31 07:05:59 +0000","<a href=""https://tuite.im"" rel=""nofollow"">???</a>","RT @xing7ba: ?????????????????????????????????????????????????????????????????????????"
"29249211059","","","","","2010-10-31 05:06:45 +0000","<a href=""https://tuite.im"" rel=""nofollow"">???</a>","(2/2)..., more(??), yes(?),fsck(fxxk), umount(??), sleep(??) via ??http://is.gd/gvF1I"
"29249195293","","","","","2010-10-31 05:06:29 +0000","<a href=""https://tuite.im"" rel=""nofollow"">???</a>","(1/2)????????UNIX:unzip(????), strip(????), touch(??), finger(??), grep(??), mount(???), fsck(fxxk)..."
"29248409539","","","","","2010-10-31 04:53:29 +0000","<a href=""http://www.tweetdeck.com"" rel=""nofollow"">TweetDeck</a>","????????RT @RTfocus: ??RT @monica0331 ????????????RT @S_pang ?_?????????????RT @ainesmile @Ryan_XxOo ?? ??????????"
"29248175532","","","","","2010-10-31 04:49:37 +0000","<a href=""https://tuite.im"" rel=""nofollow"">???</a>","?????RT @WasdySilent: ????????????????RT@hukuikui: ? @iwantfo ??fo????????????????????????????????????"
"29247697466","","","","","2010-10-31 04:41:46 +0000","<a href=""https://tuite.im"" rel=""nofollow"">???</a>","Hi-Power T-Shirt Launcher!T????..?
http://youtu.be/5lfytYKcecg  or  http://is.gd/gvBDM"
"29247242262","","","","","2010-10-31 04:34:21 +0000","<a href=""https://tuite.im"" rel=""nofollow"">???</a>","RT @witchhannah: ?? RT @ilovejae: ???????????o(???)o ?"
"29246853918","","","","","2010-10-31 04:28:11 +0000","<a href=""https://tuite.im"" rel=""nofollow"">???</a>","???????.RT @NewsInChina: RT @iwantfo: ?????ID?????????????1????????????????"
"29246779649","","","","","2010-10-31 04:26:59 +0000","<a href=""https://tuite.im"" rel=""nofollow"">???</a>","Backtrack~???.RT @iwantfo: RT @xaob: ?fo??fo??~?90????????360????????????????????????????????????????noob.blog.cd?????Backtrack?????????"
"29246583486","","","","","2010-10-31 04:23:55 +0000","<a href=""https://tuite.im"" rel=""nofollow"">???</a>","??RT @chqqq: ??"
"29246532150","","","29246437500","53563767","2010-10-31 04:23:05 +0000","<a href=""https://tuite.im"" rel=""nofollow"">???</a>","RT @NewsInChina: ?? ??? RT @myneodream: @NewsInChina ?????????"
"29246431071","","","29246191720","128953684","2010-10-31 04:21:31 +0000","<a href=""https://tuite.im"" rel=""nofollow"">???</a>","RT @LionChung: ???$????RT @virushuo: ??twitter?????06?????????????????????logo???????????????(?????@????$???#????????)?????????????????? ..."
"29246067112","","","","","2010-10-31 04:15:50 +0000","<a href=""https://tuite.im"" rel=""nofollow"">???</a>","????,??????????(???????),???????.RT @gfxmode: ??????????????????? $"
"29245429165","","","","","2010-10-31 04:06:02 +0000","<a href=""https://tuite.im"" rel=""nofollow"">???</a>","?,????.RT @chqqq: ???RT @singinrain ?? RT @beckyeeky: RT @StarKnight: ??RT @manuke10b: ?????????????????????????????????"
"29245374909","","","","","2010-10-31 04:05:12 +0000","<a href=""https://tuite.im"" rel=""nofollow"">???</a>","?????.RT @guangzhui: ??????????????? RT @rtmeme: RT @wzcthu RT @shizhao: ????????????????????? http://is.gd/gpC8p"
"29244331057","","","29244284472","137998677","2010-10-31 03:49:26 +0000","web","RT @capricornusPP: ?(?.?)RT @monica0331 ??????????"
"29244194703","","","29244175506","30013295","2010-10-31 03:47:22 +0000","<a href=""https://tuite.im"" rel=""nofollow"">???</a>","RT @ag108lau: RT @NewsInChina: ??????????????????????????/????/GEEK??????????????? @iwantfo ???????????"
"29242991673","","","","","2010-10-31 03:29:28 +0000","<a href=""https://tuite.im"" rel=""nofollow"">???</a>","????????????...RT @leftry: ?? RT @laoyang945: ??????????????"
"29242908028","","","","","2010-10-31 03:28:13 +0000","<a href=""https://tuite.im"" rel=""nofollow"">???</a>","????,????????.??????,??????? :)RT @NewsInChina: ??????????????????? @iwantfo ???????????????1??N???????????FO???????????????????... #iwantfo"
"29242699139","","","","","2010-10-31 03:25:08 +0000","<a href=""https://tuite.im"" rel=""nofollow"">???</a>","?????.RT @HippiePunkGoat: ????LADY???????????????????????http://is.gd/gvrqf"
"29242531559","","","29242444246","88663840","2010-10-31 03:22:41 +0000","<a href=""https://tuite.im"" rel=""nofollow"">???</a>","RT @iwantfo: RT @Zillion_1973: ??-??-???-???-???-????-??-????????????????????????????????????????????1987???????????"
"29232697706","","","","","2010-10-31 01:01:22 +0000","<a href=""https://tuite.im"" rel=""nofollow"">???</a>","?????????"
"29231768776","","","29175192274","20765944","2010-10-31 00:47:56 +0000","<a href=""https://tuite.im"" rel=""nofollow"">???</a>","RT @rtmeme: RT @php3780 RT @itansy: ???????????????????????????????????????????????????????????????????????????????????????????????????? ..."
"29231749256","","","29231458359","154827124","2010-10-31 00:47:38 +0000","<a href=""https://tuite.im"" rel=""nofollow"">???</a>","RT @zhangjiachen123: ????????????????????????witopia?????????"
"29194733464","","","29194553886","167307584","2010-10-30 15:45:34 +0000","<a href=""https://tuite.im"" rel=""nofollow"">???</a>","RT @lindaiyu: ???????????????????"
"29193065267","","","29192990984","49944526","2010-10-30 15:26:27 +0000","<a href=""https://tuite.im"" rel=""nofollow"">???</a>","RT @deardawn: RT @lzaiting: RT @stacyxy: RT @guangzhui: 10000?????RT?????????"
"29193007093","","","","","2010-10-30 15:25:48 +0000","<a href=""https://tuite.im"" rel=""nofollow"">???</a>","???????????????????"
"29192907703","","","29192093203","98331621","2010-10-30 15:24:41 +0000","<a href=""https://tuite.im"" rel=""nofollow"">???</a>","RT @zouyi1985: ???????????????????????????????????????????????????????????????????????????????????????"
"29192713665","","","29192449035","80474321","2010-10-30 15:22:30 +0000","<a href=""https://tuite.im"" rel=""nofollow"">???</a>","RT @Kill1900: ????????????????????????????????????????"
"29192066011","","","29191934740","32241029","2010-10-30 15:15:11 +0000","<a href=""https://tuite.im"" rel=""nofollow"">???</a>","RT @celte: ???????????????????????????????????????????????????????????????????????"
"29190985726","","","","","2010-10-30 15:03:16 +0000","<a href=""http://www.tweetdeck.com"" rel=""nofollow"">TweetDeck</a>","???,????.so.RT @orlandodeng: ????????????@zodiac1111: ?????...RT @chqqq: RT @CainDior: RT @orlandodeng: ????????????????????????????????????"
"29190033664","","","","","2010-10-30 14:52:31 +0000","<a href=""http://www.tweetdeck.com"" rel=""nofollow"">TweetDeck</a>","????????.RT @witchhannah: ??? RT @lzaiting: ???RT @missdeerme: ???????RT @avege: ??????????????????"
"29189563885","","","","","2010-10-30 14:47:04 +0000","<a href=""http://www.tweetdeck.com"" rel=""nofollow"">TweetDeck</a>","??,?????.RT @dning1: H????RT @windchaos: ???H???????????????????????????????????????H?????????????????????????????????????????????????????.."
"29189004228","","","","","2010-10-30 14:40:37 +0000","<a href=""http://www.tweetdeck.com"" rel=""nofollow"">TweetDeck</a>","????~RT @gmailideapad: ???????????????????????360??????360????????????????????????360??????360?????????"
"29188592718","","","","","2010-10-30 14:35:54 +0000","<a href=""http://www.tweetdeck.com"" rel=""nofollow"">TweetDeck</a>","?????????RT @Jwong1202: ??reply RT @leftry: ?????reply????????????????????"
"29187539836","","","","","2010-10-30 14:23:40 +0000","<a href=""http://www.tweetdeck.com"" rel=""nofollow"">TweetDeck</a>","????...RT @pityonline: @rebelboy @chqqq @zodiac1111 ?????????????? http://forum.ubuntu.org.cn/viewtopic.php?f=8&t=290386"
"29186597681","","","","","2010-10-30 14:12:33 +0000","<a href=""https://tuite.im"" rel=""nofollow"">???</a>","WhiteSpace!RT @chqqq: ????RT @iiilii: ???? RT @wubuntust: ??????????RT @pityonline: ??????
?????????
?????????
?????????"
"29186180598","","","","","2010-10-30 14:07:35 +0000","<a href=""http://www.tweetdeck.com"" rel=""nofollow"">TweetDeck</a>","?????...RT @chqqq: RT @CainDior: RT @orlandodeng: ???????????????????????????????????"
"29185920308","","","","","2010-10-30 14:04:29 +0000","<a href=""http://www.tweetdeck.com"" rel=""nofollow"">TweetDeck</a>","?????-&gt;???-&gt;???VB....RT @shiwei1861: ????????????????????????????????????RT @zodiac1111: ???,???"
"29185506914","","","","","2010-10-30 13:59:30 +0000","<a href=""http://www.tweetdeck.com"" rel=""nofollow"">TweetDeck</a>","????????,?~ I robot RT @chqqq: ?????B??RT @mlhluo: ?????B? RT  @chqqq: ?????????????fo??"
"29185107857","","","","","2010-10-30 13:54:30 +0000","<a href=""http://www.tweetdeck.com"" rel=""nofollow"">TweetDeck</a>","???????,?????..RT @dupola: ??????????????"
"29184784789","","","","","2010-10-30 13:50:24 +0000","<a href=""http://www.tweetdeck.com"" rel=""nofollow"">TweetDeck</a>","RT @leejeet: ????????????????????????"
"29184753183","","","","","2010-10-30 13:50:01 +0000","<a href=""http://www.tweetdeck.com"" rel=""nofollow"">TweetDeck</a>","????,????:)RT @WasdySilent: ??????????"
"29183404380","","","29183302870","20765944","2010-10-30 13:32:53 +0000","<a href=""https://tuite.im"" rel=""nofollow"">???</a>","RT @rtmeme: RT @lookon RT @mathena: ??????? NASA ????????????????????????? NASA ????????????????????????"
"29182597362","","","","","2010-10-30 13:22:21 +0000","<a href=""http://www.tweetdeck.com"" rel=""nofollow"">TweetDeck</a>","RT @chqqq: RT @aimoon16: RT @C__JUN RT @JacLartigue ????????????????????????????????? #DayDayUp"
"29182446237","","","","","2010-10-30 13:20:20 +0000","<a href=""http://www.tweetdeck.com"" rel=""nofollow"">TweetDeck</a>","???,??.????,???????."
"29181789826","","","","","2010-10-30 13:11:27 +0000","<a href=""http://www.tweetdeck.com"" rel=""nofollow"">TweetDeck</a>","??!RT @Jwong1202: RT @digitalboy: ????????  http://bit.ly/bWIWzs   ?????????????"
"29179405952","","","","","2010-10-30 12:37:47 +0000","<a href=""http://www.tweetdeck.com"" rel=""nofollow"">TweetDeck</a>","RT @chqqq: RT @ainesmile: RT @thriller32: ????????????????????????"
"29178785540","","","29178620565","20765944","2010-10-30 12:28:19 +0000","web","RT @rtmeme: RT @cxzj: ?????????????????????????????????????????RT @zhengyun ??????????????????37???????????????????????????????????????? ..."
"29175617974","","","","","2010-10-30 11:37:21 +0000","<a href=""http://www.tweetdeck.com"" rel=""nofollow"">TweetDeck</a>","???...RT @ag108lau: ????????????"
"29175241278","","","","","2010-10-30 11:30:40 +0000","<a href=""http://www.tweetdeck.com"" rel=""nofollow"">TweetDeck</a>","Ctrl+W RT @kengoljw: ???Windows+L?????????????????? RT: @rtmeme: RT @zodiac1111 RT @xie107: ???????????????Ctrl+Alt+Del???????:Ctrl+C..."
"29174462593","","","","","2010-10-30 11:16:35 +0000","<a href=""http://www.tweetdeck.com"" rel=""nofollow"">TweetDeck</a>","?????~RT @xing7ba: ??? RT @LvWind: ? http://wsj.renren.com/wsj ????????????? ??????"
"29173682560","","","","","2010-10-30 11:02:24 +0000","<a href=""http://www.tweetdeck.com"" rel=""nofollow"">TweetDeck</a>","~~~~????"
"29173295442","","","","","2010-10-30 10:55:09 +0000","<a href=""http://www.tweetdeck.com"" rel=""nofollow"">TweetDeck</a>","RT @xie107: ???????????????Ctrl+Alt+Del???????:Ctrl+C,Ctrl+V???????:Windows+L?"
"29172757208","","","","","2010-10-30 10:44:39 +0000","<a href=""http://www.tweetdeck.com"" rel=""nofollow"">TweetDeck</a>","??,???... http://plixi.com/p/53788159"
"29171453496","","","29171268662","131610441","2010-10-30 10:18:19 +0000","web","RT @mlhluo: ??????????????????????????????????????????????????????????????????????????????????10086?"
"29169773495","","","","","2010-10-30 09:43:30 +0000","<a href=""https://tuite.im"" rel=""nofollow"">???</a>","?????????????,?????????????.RT @xie107: ???????????????????????~??????????????????????????????????????????????????????????? = =+++++"
"29169370885","","","","","2010-10-30 09:34:55 +0000","<a href=""https://tuite.im"" rel=""nofollow"">???</a>","???? ????"
"29167814901","","","","","2010-10-30 09:01:08 +0000","<a href=""https://tuite.im"" rel=""nofollow"">???</a>","http://is.gd/gtRRy"
"29167732866","","","","","2010-10-30 08:59:27 +0000","<a href=""https://tuite.im"" rel=""nofollow"">???</a>","??http://yfrog.com/1gz5ep"
"29167476682","","","","","2010-10-30 08:53:47 +0000","<a href=""https://tuite.im"" rel=""nofollow"">???</a>","RT @ta_md: ???????? http://luo.bo/2160/"
"29167364822","","","","","2010-10-30 08:51:19 +0000","<a href=""https://tuite.im"" rel=""nofollow"">???</a>","??? 361 ????1?....RT @flakegx5: 360???????????????????????"
"29166775855","","","29166751679","126581934","2010-10-30 08:38:10 +0000","<a href=""https://tuite.im"" rel=""nofollow"">???</a>","RT @chqqq: RT @zeaphyou: RT @mrseacow: ? RT @81xiao: ????? ???????????  ????????????????????????????????????????id??????????????????http ..."
"29166752504","","","","","2010-10-30 08:37:37 +0000","<a href=""https://tuite.im"" rel=""nofollow"">???</a>","RT @chqqq: ??10086????????
??10086???????????
??10086???????????????????
??10086?24??????????????
??10086??TM???????"
"29166332228","","","","","2010-10-30 08:28:19 +0000","<a href=""https://tuite.im"" rel=""nofollow"">???</a>","??????RT @xie107: ?????????????????????? ??11?1?????????30?????11?1??29???11?6?7?12?13?14?20?21?26?27?28?????????????????????????????????..."
"29165755174","","","29165697481","28553943","2010-10-30 08:15:31 +0000","<a href=""https://tuite.im"" rel=""nofollow"">???</a>","RT @xie107: ??????????????????????????????????????????????????????????????????????????????????????????(???)?"
"29163644344","","","","","2010-10-30 07:29:47 +0000","<a href=""https://tuite.im"" rel=""nofollow"">???</a>","RT @chqqq: RT @asuscan: RT @aliveu7: RT @jormin: RT @andreaarg: RT @Lord_Voldemort7: I ???? me."
"29160220630","29159983658","97608989","","","2010-10-30 06:17:09 +0000","<a href=""https://tuite.im"" rel=""nofollow"">???</a>","????????RT @EnjoyCHH: RT @C__JUN: RT @JacLartigue ????????????????????????????????? #DayDayUp"
"29159758832","29159210639","133719470","","","2010-10-30 06:08:02 +0000","<a href=""https://tuite.im"" rel=""nofollow"">???</a>","?????????????????????????????RT @dozenhuang: ??????????????????????????"
"29154313879","","","26771700756","101659552","2010-10-30 04:28:17 +0000","<a href=""https://tuite.im"" rel=""nofollow"">???</a>","RT @Gemmuleplugin: ?????????????????????????????????????????????????????????????????????????????"
"29154117266","","","27451136609","98331621","2010-10-30 04:25:02 +0000","<a href=""https://tuite.im"" rel=""nofollow"">???</a>","RT @zouyi1985: 100??????????100?????????????????????????????????????????????????????????????????????"
"29154039526","","","27741049120","98331621","2010-10-30 04:23:47 +0000","<a href=""https://tuite.im"" rel=""nofollow"">???</a>","RT @zouyi1985: ????????????????????????????????????????????????"
"29153329759","","","29152078635","5397942","2010-10-30 04:12:20 +0000","<a href=""https://tuite.im"" rel=""nofollow"">???</a>","RT @zuola: RT @fanfou110: ????????? - ???: http://goo.gl/Oeon    ------------???????????????????????????????????"
"29151340622","","","29095876880","72803325","2010-10-30 03:41:59 +0000","<a href=""https://tuite.im"" rel=""nofollow"">???</a>","RT @shiwei1861: OMG???RT @xiaolai ?? RT @pufei: ????3g????????????????????????????????????????????????1???????????????????????????????????"
"29097960224","","","29093659599","125927224","2010-10-29 15:25:32 +0000","<a href=""https://tuite.im"" rel=""nofollow"">???</a>","RT @WasdySilent: ?????????????????????Sina?????????Yahoo?????????Baidu?????????Google????????????????????????????????????????????....."
"29096024895","29095753525","5397942","","","2010-10-29 15:03:45 +0000","<a href=""https://tuite.im"" rel=""nofollow"">???</a>","????RT @zuola: ??????????????????????????????????  http://zuo.in/bJNeYO"
"29095334232","","","","","2010-10-29 14:56:00 +0000","<a href=""https://tuite.im"" rel=""nofollow"">???</a>","1?2?3??~?????RT @deardawn: ?? - - RT: @chqqq: ????????????RT @deardawn ????????????? RT: @chqqq: ??RT @deardawn ????? ??? - -"
"29094970508","","","29094940225","126581934","2010-10-29 14:51:56 +0000","<a href=""https://tuite.im"" rel=""nofollow"">???</a>","RT @chqqq: ??????"
"29094745795","29094446519","14443071","","","2010-10-29 14:49:27 +0000","<a href=""https://tuite.im"" rel=""nofollow"">???</a>","@lackarzhao ????,?????????.??????-&gt;??;??????-&gt;?????.??ing"
"29094159383","","","","","2010-10-29 14:42:58 +0000","<a href=""https://tuite.im"" rel=""nofollow"">???</a>","????,??????.(??)RT @lackarzhao: keep calm and carry on??????????and????"
"29093708995","29093561695","185645225","","","2010-10-29 14:38:02 +0000","<a href=""https://tuite.im"" rel=""nofollow"">???</a>","????,????~""-""RT @liuruile: @zodiac1111 ??????????????"
"29093354864","29093153663","49007542","","","2010-10-29 14:34:11 +0000","<a href=""https://tuite.im"" rel=""nofollow"">???</a>","@myneodream 9494"
"29092827232","","","","","2010-10-29 14:28:16 +0000","<a href=""https://tuite.im"" rel=""nofollow"">???</a>","?????~RT @liuruile: ????????????http://is.gd/gs9Yq"
"29092337184","29091318560","49007542","","","2010-10-29 14:22:46 +0000","web","@myneodream ????,????????????,??????.??"
"29091126271","","","29090956932","170550236","2010-10-29 14:09:22 +0000","web","RT @yulei1992: ????????????????????????????????????????????????????????????????????????????????????????????????????????????????????????? ..."
"29089668556","","","","","2010-10-29 13:53:09 +0000","<a href=""https://tuite.im"" rel=""nofollow"">???</a>","let's hello word"
"29088389075","29087541669","49007542","","","2010-10-29 13:38:36 +0000","<a href=""https://tuite.im"" rel=""nofollow"">???</a>","@myneodream ?????????????.????????."
"29088105909","29087541669","49007542","","","2010-10-29 13:35:27 +0000","<a href=""https://tuite.im"" rel=""nofollow"">???</a>","@myneodream ???,??????????????.??.??????.?????????."
"29087076337","29086799549","49007542","","","2010-10-29 13:23:41 +0000","<a href=""https://tuite.im"" rel=""nofollow"">???</a>","@myneodream ???????...???????,???????????????.????????,?google?,????????????,?????."
"29086297459","","","","","2010-10-29 13:14:35 +0000","<a href=""https://tuite.im"" rel=""nofollow"">???</a>","????,???????.???????"
"29086040215","","","29085757576","137612667","2010-10-29 13:11:33 +0000","<a href=""https://tuite.im"" rel=""nofollow"">???</a>","RT @RTfocus: ??RT @colintt ?RT @youthfilm ??????????????? http://1024.cimidi.org/index.php"
"29085019787","","","","","2010-10-29 12:59:38 +0000","<a href=""https://tuite.im"" rel=""nofollow"">???</a>","???????,??????,??????RT @ta_md: ??????????????00????? http://luo.bo/2137/"
"29084553058","","","29084229999","107336900","2010-10-29 12:54:03 +0000","<a href=""https://tuite.im"" rel=""nofollow"">???</a>","RT @witchhannah: ????? RT @jackbilldarren: ??????????????????"
"29084403389","29083816725","49007542","","","2010-10-29 12:52:13 +0000","<a href=""https://tuite.im"" rel=""nofollow"">???</a>","@myneodream ????3????????.????."
"29083287531","","","","","2010-10-29 12:38:29 +0000","<a href=""https://tuite.im"" rel=""nofollow"">???</a>","long time no see"
"29081141209","","","","","2010-10-29 12:10:32 +0000","<a href=""https://tuite.im"" rel=""nofollow"">???</a>","???????RT @myneodream: ????????????????????????"
"29080623164","","","29080575600","86717810","2010-10-29 12:03:42 +0000","web","RT @uniqueethan: RT @EnochLu: ????????????????????????"
"29079499585","","","","","2010-10-29 11:47:58 +0000","<a href=""https://tuite.im"" rel=""nofollow"">???</a>","T""?"" ????RT @__Ren_: loner ??????? ""I LOVE CHINA""?T???????"
"29079449454","","","","","2010-10-29 11:47:14 +0000","<a href=""https://tuite.im"" rel=""nofollow"">???</a>","?????????????,?????B?? ?."
"29079373396","28866926418","195624949","","","2010-10-29 11:46:10 +0000","<a href=""https://tuite.im"" rel=""nofollow"">???</a>","????( )RT @myy789456: ????????????"
"29079329575","","","","","2010-10-29 11:45:32 +0000","<a href=""https://tuite.im"" rel=""nofollow"">???</a>","???? ???? ~~RT @myy789456: ??????~~~~~"
"29079202304","","","","","2010-10-29 11:43:42 +0000","<a href=""https://tuite.im"" rel=""nofollow"">???</a>","???.????.???.RT @zhangjiachen123: ??????RT @zodiac1111: ?????????????????????????????????????????????"
"29078642842","","","","","2010-10-29 11:35:31 +0000","<a href=""https://tuite.im"" rel=""nofollow"">???</a>","?????????????????????????????????????????????"
"29077024777","","","29076473583","25664201","2010-10-29 11:10:52 +0000","<a href=""https://tuite.im"" rel=""nofollow"">???</a>","RT @dning1: #GRshare ????? ???360: ???????????????????????????????????... http://bit.ly/ckSAbV"
"29076241678","","","29076191913","57061561","2010-10-29 10:58:34 +0000","<a href=""https://tuite.im"" rel=""nofollow"">???</a>","RT @RichterLee: ??????360?????????????QQ?????????????????????????361????????????????????"
"29075213638","","","","","2010-10-29 10:41:07 +0000","web","?????????????????????????????????????via http://www.renren.com/profile.do?id=221291014&ref=hotnewsfeed&sfet=502&fin=8&ff_id=221291014"
"29074490051","","","","","2010-10-29 10:28:29 +0000","<a href=""https://tuite.im"" rel=""nofollow"">???</a>","Hello World 3...RT @iwantfo: RT @liuruile: ???????Hello World 2???"
"29074432897","","","","","2010-10-29 10:27:30 +0000","<a href=""https://tuite.im"" rel=""nofollow"">???</a>","??""??""??RT @charles203: ???????????????????????????????????????????????????????????????"
"29074225928","","","29068338902","112888889","2010-10-29 10:23:48 +0000","<a href=""https://tuite.im"" rel=""nofollow"">???</a>","RT @asddapollo: ???????????RT @adouban: RT @cddm0011: ??????????????????????????????????????????.5?????????????????????????????????????? ..."
"29074166613","","","","","2010-10-29 10:22:43 +0000","<a href=""https://tuite.im"" rel=""nofollow"">???</a>","RT @dittohuang: twitter????????????????""? ?""????????????????????3???????????????????????????????????????""? ?"" ""? ?"" ?"
"29070336141","","","","","2010-10-29 09:10:54 +0000","<a href=""https://tuite.im"" rel=""nofollow"">???</a>","RT @ouyong: ?? ???????  ??? ?????????????????http://v.163.com/open/"
"29059803553","29059093388","18098857","","","2010-10-29 05:23:42 +0000","<a href=""https://tuite.im"" rel=""nofollow"">???</a>","??? RT @aihihi: 360????????????QQ??????? http://bbs.360.cn/5470851/39890851.html?recommend=1"
"29054831508","","","29050894769","10726912","2010-10-29 03:56:23 +0000","<a href=""https://tuite.im"" rel=""nofollow"">???</a>","RT @kcome: ??????????? cc @Ilariawu RT @owhimsical: ????????"
"29054804918","","","29051096695","30013295","2010-10-29 03:56:00 +0000","<a href=""https://tuite.im"" rel=""nofollow"">???</a>","RT @ag108lau: ?????????????????????????????????????????????????????????????????????????????????????????????????????????????????????????? ..."
"28962106638","","","28961977702","63131101","2010-10-28 05:39:05 +0000","<a href=""https://tuite.im"" rel=""nofollow"">???</a>","RT @sdelayang: RT @guangzhui: ??????????????""??""??????""??""???zz #duanzi"
"28955659171","","","28955366110","97667172","2010-10-28 03:45:43 +0000","<a href=""https://tuite.im"" rel=""nofollow"">???</a>","RT @buqueding: RT @cnyalin: RT @Jeffrey_Li: ?@excalibar1984: RT @wubotao RT @sushi2037: ?????????????????????????"
"28939715902","28938421061","122905389","","","2010-10-28 00:20:00 +0000","<a href=""https://tuite.im"" rel=""nofollow"">???</a>","????????????????????RT @flyfishcyx: ??RT @zeaphyou ?????????????????????o(T?To)"
"28939417719","","","28939352078","131610441","2010-10-28 00:16:20 +0000","<a href=""https://tuite.im"" rel=""nofollow"">???</a>","RT @mlhluo: RT @witchhannah: ???????? ??????????? ?????? ????? ??????? ???????? ??????????? ???? ????????????????????? #witchtalk"
"28897930994","","","28896402401","95633832","2010-10-27 15:03:23 +0000","<a href=""https://tuite.im"" rel=""nofollow"">???</a>","RT @Arzoo_: RT @rebelboy: RT @mynamewbn: ????????????????????????????????????????"
"28895994881","","","28895897469","137612667","2010-10-27 14:41:22 +0000","web","RT @RTfocus: ??RT @hELLoELL ???????  ???????RT @likuku RT @vikivone ??????????????????? http://luo.bo/2092/"
"28895813217","","","28895503355","126581934","2010-10-27 14:39:19 +0000","web","RT @chqqq: ??+1RT @deardawn ??? T-T RT: @always17: ???????=v= RT @deardawn 2011????????... ????????... ????????... http://knb.im/72q cc@ ..."
"28895794223","","","28895718663","10726912","2010-10-27 14:39:07 +0000","web","RT @kcome: ??????????????"
"28895555984","","","28895190450","49944526","2010-10-27 14:36:25 +0000","<a href=""https://tuite.im"" rel=""nofollow"">???</a>","RT @deardawn: ??? T-T RT: @always17: ???????=v= RT @deardawn 2011????????... ????????... ????????... http://knb.im/72q cc@always17"
"28895121130","","","","","2010-10-27 14:31:22 +0000","<a href=""https://tuite.im"" rel=""nofollow"">???</a>","???,??????????.??""????""?."
"28893344934","","","","","2010-10-27 14:11:09 +0000","<a href=""https://tuite.im"" rel=""nofollow"">???</a>","RT @wjdq: ????? ????????? ?"
"28893255227","28892305834","48073566","","","2010-10-27 14:10:11 +0000","<a href=""https://tuite.im"" rel=""nofollow"">???</a>","RT @xiaomo0326: ????????????????????RT @xiao_su: ??????????????RT @xiaomo0326: ???????????????????????????????????????????????"
"28893023680","28841127614","18401958","","","2010-10-27 14:06:51 +0000","<a href=""https://tuite.im"" rel=""nofollow"">???</a>","???????????????...RT @enanm: ??????RT @zodiac1111: ????????????"
"28891904671","","","","","2010-10-27 13:54:01 +0000","<a href=""https://tuite.im"" rel=""nofollow"">???</a>","????~RT @sdelayang: ?????????qq?????????????????????????????????????????A???????????????????"
"28891792142","","","","","2010-10-27 13:52:42 +0000","<a href=""https://tuite.im"" rel=""nofollow"">???</a>","CCAV?????,????????.???//?"
"28891180897","","","28890780795","15115534","2010-10-27 13:45:40 +0000","web","RT @Showfom: ?????????????360??????????360?????????????????????????????????????????????????????????????????????????????????????????????? ..."
"28890885960","28843633422","139128847","","","2010-10-27 13:42:14 +0000","<a href=""https://tuite.im"" rel=""nofollow"">???</a>","@Glass_Prince ????."
"28890166850","","","28889801923","761969","2010-10-27 13:33:54 +0000","<a href=""https://tuite.im"" rel=""nofollow"">???</a>","RT @webleon: RT @bfishadow ?????????????????????????????????????????????????????????????????????"
"28887748859","","","","","2010-10-27 13:05:21 +0000","<a href=""https://tuite.im"" rel=""nofollow"">???</a>","RT @witchhannah: ??????????? RT @dishuiguanyin: ??1"
"28880073605","","","28878744998","99020844","2010-10-27 11:20:34 +0000","web","RT @by1211: ? ?? RT @wenyunchao: ????????????????????????????????"
"28840884430","","","","","2010-10-27 00:20:40 +0000","<a href=""https://tuite.im"" rel=""nofollow"">???</a>","????????????"
"28800427276","28799686101","3207201","","","2010-10-26 15:20:09 +0000","<a href=""https://tuite.im"" rel=""nofollow"">???</a>","???RT @shenyi: ??????"
"28798994586","28797461034","49944526","","","2010-10-26 15:04:08 +0000","<a href=""https://tuite.im"" rel=""nofollow"">???</a>","??????????????RT @deardawn: RT @zkaip: #fanfou ????????~RT @appleice ?60??????????????????????????????"
"28777853048","","","","","2010-10-26 10:39:36 +0000","web","Sorting Algorithm Animations, Code, Analysis, and Discussion: http://www.sorting-algorithms.com/ via @addthis"
"28775632943","","","","","2010-10-26 10:00:41 +0000","<a href=""https://tuite.im"" rel=""nofollow"">???</a>","???????????????,??????????(???????) ???? ????????"
"28769576951","","","","","2010-10-26 07:56:41 +0000","<a href=""https://tuite.im"" rel=""nofollow"">???</a>","?????fo??.RT @maomaodogs: ? RT @zj8nb Fo????? fo?????"
"28759602700","28759034732","12299932","","","2010-10-26 04:28:32 +0000","<a href=""https://tuite.im"" rel=""nofollow"">???</a>","???????????????????????????????RT @jason5ng32: ??????????????"
"28759138519","","","","","2010-10-26 04:20:51 +0000","<a href=""https://tuite.im"" rel=""nofollow"">???</a>","???????????????????????"
"28700320078","","","","","2010-10-25 15:17:55 +0000","<a href=""https://tuite.im"" rel=""nofollow"">???</a>","?????????????,RT @baozuitun: ??????????????????????????????????"
"28700254295","","","28700003462","42446023","2010-10-25 15:17:11 +0000","<a href=""https://tuite.im"" rel=""nofollow"">???</a>","RT @baozuitun: ??????????????????????????????????"
"28699114463","","","28698952643","42446023","2010-10-25 15:04:23 +0000","<a href=""https://tuite.im"" rel=""nofollow"">???</a>","RT @baozuitun: ???????????????????????RT @wuerkaixi:??????????????????????????? @liuyun1989 ??????RT @wuerkaixi: ...????????????????????????"
"28687284015","","","","","2010-10-25 12:48:07 +0000","<a href=""https://tuite.im"" rel=""nofollow"">???</a>","??,?????????????????."
"28678999008","","","28678880542","97667172","2010-10-25 10:49:23 +0000","<a href=""https://tuite.im"" rel=""nofollow"">???</a>","RT @buqueding: RT @hz8964: ??????????????RT @heartnn_bot: RT @qcdd123: ?????????????????????????????????????????????????? http://is.gd/ghmZZ"
"28678990222","","","28678921680","151877169","2010-10-25 10:49:14 +0000","<a href=""https://tuite.im"" rel=""nofollow"">???</a>","RT @RTKcn: ?47??? RT @duowang: ??????????????????????""Let's make love in Guangzhou""???????????#Monologue"
"28676573011","","","","","2010-10-25 10:06:25 +0000","<a href=""https://tuite.im"" rel=""nofollow"">???</a>","???? RT @RTfocus: ??RT @wanzeecn ????? ???? RT @mranti RT @motodexter 11?16????????????? http://pbckt.com/pb.dJP7Fh"
"28672501030","","","28672460348","137612667","2010-10-25 08:44:58 +0000","<a href=""https://tuite.im"" rel=""nofollow"">???</a>","RT @RTfocus: ??RT @xc1943 ??????RT @ranyunfei RT @xiaoyong8964 ???????:????????????????????"
"28671570151","","","","","2010-10-25 08:24:57 +0000","<a href=""https://tuite.im"" rel=""nofollow"">???</a>","????~RT @wjdq: ??????RT @Elvasiu: = = RT @deardawn: @wjdq ?????????????????A?"
"28671182645","","","","","2010-10-25 08:16:18 +0000","web","??????????,?""XX?????"",??????????????""XX??????""?. &gt; &lt;"
"28668479794","","","28666168666","135825891","2010-10-25 07:14:20 +0000","<a href=""https://tuite.im"" rel=""nofollow"">???</a>","RT @chairman5mao: ??????30%?????pia??????mua????????_?? 30%???????????????????????? 30%????????????????????????????????????????????????? ..."
"28663706555","28662373961","10726912","","","2010-10-25 05:28:23 +0000","<a href=""https://tuite.im"" rel=""nofollow"">???</a>","???????????RT @kcome: ?????????????????????5000?????????????????????..."
"28663622776","","","28662443516","57323","2010-10-25 05:26:40 +0000","<a href=""https://tuite.im"" rel=""nofollow"">???</a>","RT @shizhao: ??ANN?? 10?24?????????????????[????] http://is.gd/ggSYd"
"28661243649","","","28660119786","151877169","2010-10-25 04:41:06 +0000","<a href=""https://tuite.im"" rel=""nofollow"">???</a>","RT @RTKcn: ?26??? RT @whiteiris: ????????????????????????????????????????????????????????????????????????"
"28643125863","","","28611963792","56919535","2010-10-25 00:26:03 +0000","<a href=""https://tuite.im"" rel=""nofollow"">???</a>","RT @midbones: ????????????????????????????????????????????????????????????????????????????????????"
"28603105029","28602927338","139128847","","","2010-10-24 15:06:40 +0000","web","@Glass_Prince ???????????,????? ????,????.?????,"
"28602152227","28601759261","139128847","","","2010-10-24 14:55:45 +0000","web","@Glass_Prince ?????????,???????,GAE ,??????????? ????,?????~"
"28601348284","28601199648","139128847","","","2010-10-24 14:46:18 +0000","web","@Glass_Prince o???????.?????????..??"
"28600931869","28600812399","139128847","","","2010-10-24 14:41:32 +0000","web","@Glass_Prince ? ??????~??????????"
"28600649068","28600401718","139128847","","","2010-10-24 14:38:18 +0000","web","@Glass_Prince ???????? via???/?"
"28600516415","28600401718","139128847","","","2010-10-24 14:36:48 +0000","web","@Glass_Prince ?????????.?? ?? ??????????"
"28600010091","28599890385","139128847","","","2010-10-24 14:30:47 +0000","<a href=""https://tuite.im"" rel=""nofollow"">???</a>","@Glass_Prince ????,??????,32?....??"
"28599880514","","","","","2010-10-24 14:29:19 +0000","<a href=""https://tuite.im"" rel=""nofollow"">???</a>","????&gt;&lt;RT @mlhluo: ????????,GFW????????????????? http://www.peacehall.com/index.shtml"
"28599677679","28599592624","139128847","","","2010-10-24 14:27:00 +0000","<a href=""https://tuite.im"" rel=""nofollow"">???</a>","@Glass_Prince ????????????......"
"28599086715","28592493014","139128847","","","2010-10-24 14:19:57 +0000","web","@Glass_Prince ??"
"28593439672","","","","","2010-10-24 13:09:35 +0000","<a href=""https://tuite.im"" rel=""nofollow"">???</a>","???,???,???,???,??????,??????,???......RT @NervousJJ: ??????"
"28591012540","","","28590308711","113344999","2010-10-24 12:35:13 +0000","<a href=""https://tuite.im"" rel=""nofollow"">???</a>","RT @nocturn21st: @nycffx PHP??????????????TWIP???????????API??????????????GAE?????"
"28588203471","","","28588166535","107336900","2010-10-24 11:50:44 +0000","<a href=""https://tuite.im"" rel=""nofollow"">???</a>","RT @witchhannah: RT @ggarlic: RT @songshinan: ????????????????????????????????????????????????????????????????????????????"
"28576719976","","","","","2010-10-24 08:02:31 +0000","<a href=""https://tuite.im"" rel=""nofollow"">???</a>","??ingRT @flyfishcyx: ???? http://plixi.com/p/52592227"
"28575803697","","","","","2010-10-24 07:43:41 +0000","<a href=""http://www.google.com/"" rel=""nofollow"">Google</a>","????? YouTube ?? -- PID Controller ""First Attempt"" http://youtu.be/rAPdGPEyE1E?a"
"28575334244","","","","","2010-10-24 07:34:05 +0000","<a href=""http://www.google.com/"" rel=""nofollow"">Google</a>","????? YouTube ?? -- PID Tuning - Classical Methods http://youtu.be/8ZJGErQwGAQ?a"
"28573343099","","","","","2010-10-24 06:54:08 +0000","<a href=""http://www.google.com/"" rel=""nofollow"">Google</a>","????? YouTube ?? -- How to View Blocked Websites http://youtu.be/7395BzNW8oA?a"
"28573311498","","","","","2010-10-24 06:53:31 +0000","<a href=""http://www.google.com/"" rel=""nofollow"">Google</a>","as  a Chinese ,i have nothing to say :(?YouTube http://youtu.be/7395BzNW8oA?a?"
"28573111843","","","","","2010-10-24 06:49:34 +0000","<a href=""http://www.google.com/"" rel=""nofollow"">Google</a>","????? YouTube ?? -- FIRE AND BRIMSTONE!! http://youtu.be/3BpW0A0uWG0?a"
"28572496553","","","","","2010-10-24 06:37:33 +0000","<a href=""https://tuite.im"" rel=""nofollow"">???</a>","http://is.gd/gfhPD ??T????`~"
"28570900679","","","","","2010-10-24 06:07:36 +0000","<a href=""http://www.google.com/"" rel=""nofollow"">Google</a>","???!? ?YouTube http://youtu.be/jN6InB7Ok6w?a?"
"28570323336","","","28569886290","92980293","2010-10-24 05:57:15 +0000","<a href=""https://tuite.im"" rel=""nofollow"">???</a>","RT @gzlxd: ???????????????????IP????IP?? 127.0.0.1  http://is.gd/gfdVY  ???????21252"
"28559630587","","","","","2010-10-24 03:15:45 +0000","<a href=""https://tuite.im"" rel=""nofollow"">???</a>","???RT @kapradina: ????????????????????????????????????????????????????????????????????????????????????????= =+"
"28559526321","","","","","2010-10-24 03:14:21 +0000","<a href=""https://tuite.im"" rel=""nofollow"">???</a>","???????????????....RT @rtmeme: RT @OlayounG7 RT @zhangh109: ????????????????????????????????????????"
"28556457146","","","","","2010-10-24 02:33:26 +0000","<a href=""https://tuite.im"" rel=""nofollow"">???</a>","????RT @NervousJJ: ???????????"
"28556349636","","","28556182528","151877169","2010-10-24 02:31:58 +0000","<a href=""https://tuite.im"" rel=""nofollow"">???</a>","RT @RTKcn: ?23??? RT @loveplato: ????????????????????"
"28499833153","","","","","2010-10-23 13:26:04 +0000","<a href=""https://tuite.im"" rel=""nofollow"">???</a>","?????RT @webfee: ??????????????????------???"
"28495506241","","","28494449643","151877169","2010-10-23 12:27:51 +0000","<a href=""https://tuite.im"" rel=""nofollow"">???</a>","RT @RTKcn: ?24??? RT @boy1573: ??1984bbs???0????6??????????????????ssh???????????https://1984bbs.org"
"28412534312","28402190129","14443071","","","2010-10-22 15:01:24 +0000","<a href=""https://tuite.im"" rel=""nofollow"">???</a>","???????????????????~RT @lackarzhao: ???????????????????????????????"
"28409532058","","","","","2010-10-22 14:27:56 +0000","<a href=""https://tuite.im"" rel=""nofollow"">???</a>","??????"
"28404106952","28377858133","112343630","","","2010-10-22 13:26:17 +0000","<a href=""https://tuite.im"" rel=""nofollow"">???</a>","?????RT @Batterytired: ????????????????????http://knb.im/70u"
"28402610288","28393348638","95587051","","","2010-10-22 13:08:32 +0000","<a href=""https://tuite.im"" rel=""nofollow"">???</a>","17?5? ???RT @rubixlai: T??????? RT @NewsInChina: ??????,??130?.???????20?????,??2??.T???."
"28401975353","","","28399004381","80306250","2010-10-22 13:00:59 +0000","<a href=""https://tuite.im"" rel=""nofollow"">???</a>","RT @__Ren_: ????????????-/
whosyourdaddy /

???????"
"28381337581","","","","","2010-10-22 07:01:19 +0000","<a href=""https://tuite.im"" rel=""nofollow"">???</a>","???  http://is.gd/gclFU   ???http://is.gd/gclDo  ...."
"28381006806","","","28380972872","18300612","2010-10-22 06:54:02 +0000","<a href=""https://tuite.im"" rel=""nofollow"">???</a>","RT @myfog: RT @iiilii: RT @xie107: ?????????????????? ????????? ?????????? ????????"
"28374587838","","","28366427269","132728065","2010-10-22 04:42:58 +0000","<a href=""https://tuite.im"" rel=""nofollow"">???</a>","RT @freaky_cake: ???????????????????????????????????????????????????????????????????????????????????????????????????????????????????????"
"28373601915","","","28371863883","18300612","2010-10-22 04:25:31 +0000","<a href=""https://tuite.im"" rel=""nofollow"">???</a>","RT @myfog: RT @feelinglucky: ??????????????????????????????????????????????????????????"
"28355965545","","","","","2010-10-22 00:27:32 +0000","<a href=""https://tuite.im"" rel=""nofollow"">???</a>","????????????????????"
"28355317321","","","28062069265","18098857","2010-10-22 00:19:24 +0000","<a href=""https://tuite.im"" rel=""nofollow"">???</a>","RT @aihihi: ??????????????????????????????????????????????????????????????????????????????"
"28038343681","","","28037980179","53984336","2010-10-21 15:47:21 +0000","<a href=""https://tuite.im"" rel=""nofollow"">???</a>","RT @nocoa: 12???????18??????18?????25????? ??25?????12????????... ??????????????????"
"28037696921","","","","","2010-10-21 15:39:52 +0000","<a href=""https://tuite.im"" rel=""nofollow"">???</a>","????????????????????????????????????????????????????????"
"28019715048","","","28019413393","151877169","2010-10-21 12:01:11 +0000","<a href=""https://tuite.im"" rel=""nofollow"">???</a>","RT @RTKcn: ?48??? RT @musicleaf: ????????????????????????????????????????????????????????????????????"
"28005266466","","","","","2010-10-21 07:25:32 +0000","<a href=""https://tuite.im"" rel=""nofollow"">???</a>","?????? ??????"
"27929594973","","","27918992689","129728943","2010-10-20 13:13:08 +0000","<a href=""https://tuite.im"" rel=""nofollow"">???</a>","RT @wyane_yan: ??????????Ume????????????????????????????????????????????????????????????????U??????????????????????????????????????????? ..."
"27835678418","","","27835474454","91299368","2010-10-19 14:01:40 +0000","<a href=""https://tuite.im"" rel=""nofollow"">???</a>","RT @vce7: ???????????????????????????????????????????????????????????????????? 202.106.*.*"
"27835500772","","","27835160925","137612667","2010-10-19 13:59:44 +0000","<a href=""https://tuite.im"" rel=""nofollow"">???</a>","RT @RTfocus: ??RT @nc1e ??~RT @chnp101 RT @deardawn ??????????? =.= ???????.... http://plixi.com/p/51600288"
"27833981889","","","","","2010-10-19 13:42:19 +0000","<a href=""https://tuite.im"" rel=""nofollow"">???</a>","??????????????????QQ????????? ???????????????????????????????????QQ??????????"
"27832725605","","","","","2010-10-19 13:27:48 +0000","<a href=""https://tuite.im"" rel=""nofollow"">???</a>","GAE~GAE~RT @Jwong1202: ?????????????????Tor???????? RT @Watchmen725: ????????????? RT @Jwong1202: Tor???????????????????????Tor,???????"
"27832261853","","","27831699044","55792383","2010-10-19 13:22:21 +0000","<a href=""https://tuite.im"" rel=""nofollow"">???</a>","RT @shengge: ???????81??180mm?77km????IT?????100k???????????bio???????????????????????????????????????????????????????????"
"27832226618","","","","","2010-10-19 13:21:56 +0000","<a href=""https://tuite.im"" rel=""nofollow"">???</a>","???????? ????????RT @deardawn: ??????????...RT @chqqq: ??????????RT @deardawn: ?????~ RT @chqqq: ?????????????????"
"27831358329","","","","","2010-10-19 13:11:33 +0000","<a href=""https://tuite.im"" rel=""nofollow"">???</a>","??? ??????"
"27824193208","","","","","2010-10-19 11:36:30 +0000","<a href=""https://tuite.im"" rel=""nofollow"">???</a>","?? +1 RT @RichterLee: ??????????RT?????????????????RT"
"27823209112","","","","","2010-10-19 11:21:16 +0000","<a href=""https://tuite.im"" rel=""nofollow"">???</a>","??????????????RT @shizhao: ???????????????????????????????????????????????????????????????????"
"27722956540","","","","","2010-10-18 10:50:58 +0000","<a href=""https://tuite.im"" rel=""nofollow"">???</a>","?google???????????????"
"27720356626","","","","","2010-10-18 10:03:15 +0000","web","???????????????"
"27643366739","","","","","2010-10-17 14:47:12 +0000","<a href=""https://tuite.im"" rel=""nofollow"">???</a>","???RT @NervousJJ: ???~~~RT @mosterwei: ?????RT @NervousJJ: ??20??????"
"27626877032","","","","","2010-10-17 10:44:48 +0000","<a href=""https://tuite.im"" rel=""nofollow"">???</a>","??????:??????????????!"
"27626437390","","","","","2010-10-17 10:36:02 +0000","web","????,??~"
"27553855167","","","","","2010-10-16 16:07:54 +0000","<a href=""https://tuite.im"" rel=""nofollow"">???</a>","????????."
"27553698338","","","","","2010-10-16 16:06:07 +0000","<a href=""https://tuite.im"" rel=""nofollow"">???</a>","????RT @chocza: Frederick W.  ?? ??????????????????????????????????????????????????????????????????????????????????????"
"27553540108","","","27527929697","49035132","2010-10-16 16:04:20 +0000","<a href=""https://tuite.im"" rel=""nofollow"">???</a>","RT @cxzj: ?????????2005??????????????????????????????????????????????????????????????????????????????????????????????????????????"
"27551183178","","","","","2010-10-16 15:37:58 +0000","<a href=""https://tuite.im"" rel=""nofollow"">???</a>","??????????,???????????."
"27549461029","","","","","2010-10-16 15:18:38 +0000","<a href=""https://tuite.im"" rel=""nofollow"">???</a>","RT @RTKcn: ?22??? RT @JianglinLi: ?????????????????????????????????????@LaomaoLiu ?????????????????????????"
"27542871720","","","","","2010-10-16 14:02:59 +0000","<a href=""https://tuite.im"" rel=""nofollow"">???</a>","?????;????,??????."
"27523793873","","","","","2010-10-16 08:26:15 +0000","<a href=""https://tuite.im"" rel=""nofollow"">???</a>","??????? ???"
"27210860875","","","27120121090","57061561","2010-10-13 04:25:08 +0000","<a href=""https://tuite.im"" rel=""nofollow"">???</a>","RT @RichterLee: ????? ? ? ? ?????"
"27108935925","","","27106347567","113968008","2010-10-12 04:39:17 +0000","<a href=""https://tuite.im"" rel=""nofollow"">???</a>","RT @LikeAKiid: ????????????????25?????? RT @dreamweiwei: ?????????????:?,??,??,??,????????25(?3),????????????????????????:????berkeley?? ..."
"26914641188","","","","","2010-10-10 06:33:59 +0000","<a href=""https://tuite.im"" rel=""nofollow"">???</a>","?????"
"26903242230","","","","","2010-10-10 03:31:46 +0000","<a href=""https://tuite.im"" rel=""nofollow"">???</a>","?????????????????"
"26835779338","","","26835318705","151877169","2010-10-09 11:40:50 +0000","<a href=""https://tuite.im"" rel=""nofollow"">???</a>","RT @RTKcn: ?46??? RT @sunshaoan: ???????????????????????Who????When?"
"26647025255","","","","","2010-10-07 13:13:06 +0000","<a href=""https://tuite.im"" rel=""nofollow"">???</a>","????? ??? ????~&gt; &lt;"
"26634684591","","","26634609524","168561017","2010-10-07 09:50:08 +0000","<a href=""https://tuite.im"" rel=""nofollow"">???</a>","RT @welikeyz: ????????????????????????????????????????????????????????????????????????????????????????????????????????????????????"
"26520179326","","","","","2010-10-06 03:51:51 +0000","<a href=""https://tuite.im"" rel=""nofollow"">???</a>","?????????????"
"26464562556","","","","","2010-10-05 15:06:33 +0000","<a href=""https://tuite.im"" rel=""nofollow"">???</a>","?????????????"
"26437049007","","","26436565368","30013295","2010-10-05 07:41:45 +0000","<a href=""https://tuite.im"" rel=""nofollow"">???</a>","RT @ag108lau: RT @huangyi2009: ???????????PPT??? http://is.gd/fK1f5"
"26436763268","26436247002","42446023","","","2010-10-05 07:35:05 +0000","<a href=""https://tuite.im"" rel=""nofollow"">???</a>","???????????????????Die?RT @baozuitun: ?????????????????????????????????????????RT @xiaolai: @liudimouse ?????????"
"26436533004","","","26436464485","45307658","2010-10-05 07:29:18 +0000","<a href=""https://tuite.im"" rel=""nofollow"">???</a>","RT @liubinyan: RT @yigroup: #yizhe CNN Zakaria????? (2010?10?3?) http://goo.gl/fb/XrtbZ"
"26269045500","","","26267513865","37169619","2010-10-03 14:07:07 +0000","<a href=""https://tuite.im"" rel=""nofollow"">???</a>","RT @Elvasiu: ????????????http://124.228.254.229/html/ent/20100930/143319.html"
"26172325476","","","","","2010-10-02 13:05:48 +0000","<a href=""https://tuite.im"" rel=""nofollow"">???</a>","???"
"26083875795","","","","","2010-10-01 14:20:25 +0000","<a href=""https://tuite.im"" rel=""nofollow"">???</a>","??BOSS???????"
"26074856728","","","","","2010-10-01 12:30:55 +0000","<a href=""https://tuite.im"" rel=""nofollow"">???</a>","TTL?"
"26074630407","","","","","2010-10-01 12:27:49 +0000","<a href=""https://tuite.im"" rel=""nofollow"">???</a>","??diy cpu?"
"26074589061","","","","","2010-10-01 12:27:14 +0000","<a href=""https://tuite.im"" rel=""nofollow"">???</a>","??cpu"
"26053446248","","","","","2010-10-01 05:32:16 +0000","<a href=""https://tuite.im"" rel=""nofollow"">???</a>","?????????????????"
"25997690481","","","","","2010-09-30 17:00:45 +0000","<a href=""https://tuite.im"" rel=""nofollow"">???</a>","?????????????????"
